150995203,150995210
150995204,150995210
150995205,150995210
150995206,150995210
150995207,150995210
150995208,150995210
150995209,150995210
150995212,150995211,150995214
150995213,150995211,150995214
150995216,150995215,150995219
150995217,150995215,150995219
150995218,150995215,150995219
150995221,150995220,150995222
151019779,151019778
151019780,151019778
151019781,151019778
151019782,151019778
151019783,151019778
151019784,151019778
151019785,151019778
151019786,151019778
151019787,151019778
151019788,151019778
151019789,151019778
150995474,150995457
150995459,150995458,150995460
150995461,150995460,150995462
150995463,150995462,150995465
150995464,150995462,150995465
150995466,150995465,150995467
150995469,150995468,150995470
150995472,150995471,150995473
151020059,151020055
151020057,151020055
150995989,150995993
150995991,150995993
150995995,150995993,150996001
150995997,150995993,150996001
150995999,150995993,150996001
150996003,150996001,150996007
150996005,150996001,150996007
150996009,150996007,150996011
150996013,150996011,150996015
150996017,150996015,150996021
150996019,150996015,150996021
150996027,150996025,150996029
150996031,150996029,150996033
151018773,150996035
151018775,150996035
151018777,150996035
151018779,150996035
151018781,150996035
151018783,150996035
151018785,150996035
151018787,150996035
151018789,150996035
151018791,150996035
151018793,150996035
150996245,150996251
150996247,150996251
150996249,150996251
150996253,150996251,150996257
150996255,150996251,150996257
150996259,150996257,150996261
150996263,150996261,150996267
150996265,150996261,150996267
150996269,150996267,150996273
150996271,150996267,150996273
150996275,150996273,150996277
150996283,150996281,150996285
150996287,150996285,150996289
151019543,151019541
151019545,151019541
151019547,151019541
151019549,151019541
151019551,151019541
151019553,151019541
151019555,151019541
151019557,151019541
151019559,151019541
151019561,151019541
151019563,151019541
151019565,151019541
151019567,151019541
150996501,150996503
150996505,150996503,150996507
150996511,150996507,150996513
150996517,150996515,150996519
150996525,150996523,150996527
150996531,150996529
150996533,150996529
150996535,150996529
150996537,150996529
150996539,150996529
150996541,150996529
150996543,150996529
150996545,150996529
150996547,150996529
150996549,150996529
150996553,150996529
150996555,150996529
150996551,150996529
150996557,150996529
150996759,150996757,150996765
150996761,150996757,150996765
150996763,150996757,150996765
150996767,150996765,150996773
150996769,150996765,150996773
150996771,150996765,150996773
150996775,150996773,150996781
150996777,150996773,150996781
150996779,150996773,150996781
150996783,150996781
150996785,150996781
150996787,150996781
150996789,150996781
150996791,150996781
150996793,150996781
150996795,150996781
150996797,150996781
150997029,150997031,150997027
150997025,150997027,150997021
150997023,150997027,150997021
150997019,150997021,150997017
150997015,150997017,150997005
150997013,150997017,150997005
150997011,150997017,150997005
150997009,150997017,150997005
150997007,150997017,150997005
150997003,150997005,150996997
150997001,150997005,150996997
150996999,150997005,150996997
150997273,150997271,150997275
150997279,150997277,150997281
150997285,150997283,150997293
150997287,150997283,150997293
150997289,150997283,150997293
150997291,150997283,150997293
151019287,151019285,151019307
151019289,151019285,151019307
151019291,151019285,151019307
151019293,151019285,151019307
151019295,151019285,151019307
151019297,151019285,151019307
151019299,151019285,151019307
151019301,151019285,151019307
151019303,151019285,151019307
151019305,151019285,151019307
151018531,151018533
151018529,151018533
151018527,151018533
151018525,151018533
151018523,151018533
151018521,151018533
151018519,151018533
151018517,151018533
151018007,150997543
150997547,150997543
150997545,150997543
150997541,150997543,150997539
150997537,150997539,150997531
150997535,150997539,150997531
150997533,150997539,150997531
150997529,150997531,150997527
150997523,150997525,150997521
150997519,150997521,150997513
150997517,150997521,150997513
150997515,150997521,150997513
150997511,150997513,150997509
150997507,150997509,150997505
151018051,150997505,151018045
151018049,150997505,151018045
151018047,150997505,151018045
151018043,151018045,151018041
151018039,151018041,151018037
151018033,151018035,151018023
151018031,151018035,151018023
151018029,151018035,151018023
151018027,151018035,151018023
151018025,151018035,151018023
151018021,151018023,151018015
151018019,151018023,151018015
151018017,151018023,151018015
151018013,151018015,151018009
151018011,151018015,151018009
151017757,151017759
151017755,151017759
151017753,151017759
151017751,151017759
151017749,151017759
150998295,150998293,150998297
150998299,150998297,150998303
150998301,150998297,150998303
150998305,150998303,150998309
150998307,150998303,150998309
150998313,150998311,150998315
150998319,150998317,150998323
150998321,150998317,150998323
151019047,151019049,151019045
151019043,151019045
151019041,151019045
151019039,151019045
151019037,151019045
151019035,151019045
151019033,151019045
151019031,151019045
151019029,151019045
151019027,151019045
150998557,150998559
150998555,150998559
150998553,150998559
150998551,150998559
150998549,150998559
150998621,150998615
150998619,150998615
150998617,150998615
150998613,150998615,150998599
150998611,150998615,150998599
150998609,150998615,150998599
150998607,150998615,150998599
150998605,150998615,150998599
150998603,150998615,150998599
150998601,150998615,150998599
150998591,150998593,150998585
150998589,150998593,150998585
150998583,150998585,150998581
150998579,150998581,150998573
150998577,150998581,150998573
150998575,150998581,150998573
150998827,150998825
150998829,150998825
150998831,150998825
150998833,150998825
150998835,150998825
150998837,150998825
150998839,150998825
150998841,150998825
150998843,150998825
150998845,150998825
150998847,150998825
150998821,150998823,150998819
150998817,150998819,150998815
150998813,150998815
150998811,150998815
150998809,150998815
150999061,150999079
150999063,150999079
150999065,150999079
150999067,150999079
150999069,150999079
150999071,150999079
150999073,150999079
150999075,150999079
150999077,150999079
